Title,Short Description,Author Name,Topic,Publish Date
Be Healthy,How to be healthy,Mr. Healthy,Health and Wellness,03/04/1999
Be Healthy2,How to be healthy2,Mr. Healthy2,Health and Wellness,03/04/2000
Test,Test,Mr. Test,Cancer,03/04/1999
Techpost,Techy stuff,Techposter,Technology and Innovation,03/04/1999
Be Healthy,How to be healthy,Mr. Healthy,Health and Wellness,03/04/1999
Be Healthy2,How to be healthy2,Mr. Healthy2,Health and Wellness,03/04/2000
Test,Test,Mr. Test,Cancer,03/04/1999
Techpost,Techy stuff,Techposter,Technology and Innovation,03/04/1999
Be Healthy,How to be healthy,Mr. Healthy,Health and Wellness,03/04/1999
Be Healthy2,How to be healthy2,Mr. Healthy2,Health and Wellness,03/04/2000
Test,Test,Mr. Test,Cancer,03/04/1999
Techpost,Techy stuff,Techposter,Technology and Innovation,03/04/1999
Be Healthy,How to be healthy,Mr. Healthy,Health and Wellness,03/04/1999
Be Healthy2,How to be healthy2,Mr. Healthy2,Health and Wellness,03/04/2000
Test,Test,Mr. Test,Cancer,03/04/1999
Techpost,Techy stuff,Techposter,Technology and Innovation,03/04/1999
Be Healthy,How to be healthy,Mr. Healthy,Health and Wellness,03/04/1999
Be Healthy2,How to be healthy2,Mr. Healthy2,Health and Wellness,03/04/2000
Test,Test,Mr. Test,Cancer,03/04/1999
Techpost,Techy stuff,Techposter,Technology and Innovation,03/04/1999
Be Healthy,How to be healthy,Mr. Healthy,Health and Wellness,03/04/1999
Be Healthy2,How to be healthy2,Mr. Healthy2,Health and Wellness,03/04/2000
Test,Test,Mr. Test,Cancer,03/04/1999
Techpost,Techy stuff,Techposter,Technology and Innovation,03/04/1999
Be Healthy,How to be healthy,Mr. Healthy,Health and Wellness,03/04/1999
Be Healthy2,How to be healthy2,Mr. Healthy2,Health and Wellness,03/04/2000
Test,Test,Mr. Test,Cancer,03/04/1999
Techpost,Techy stuff,Techposter,Technology and Innovation,03/04/1999
Be Healthy,How to be healthy,Mr. Healthy,Health and Wellness,03/04/1999
Be Healthy2,How to be healthy2,Mr. Healthy2,Health and Wellness,03/04/2000
Test,Test,Mr. Test,Cancer,03/04/1999
Techpost,Techy stuff,Techposter,Technology and Innovation,03/04/1999
Be Healthy,How to be healthy,Mr. Healthy,Health and Wellness,03/04/1999
Be Healthy2,How to be healthy2,Mr. Healthy2,Health and Wellness,03/04/2000
Test,Test,Mr. Test,Cancer,03/04/1999
Techpost,Techy stuff,Techposter,Technology and Innovation,03/04/1999
